id,name,phone_number
1,Dixie,+62 209 567 1708
2,Sandi,+7 906 568 9499
3,Mignon,+86 255 818 9921
4,Rossy,+62 802 652 7293
5,Aigneis,+55 697 308 2969
6,Cull,+86 479 565 1420
7,Lory,+86 833 852 1065
8,Jack,+54 831 747 0858
9,Linell,+234 930 609 2719
10,Wilt,+46 620 389 5312
11,Zechariah,+63 426 559 4678
12,Fidelio,+62 417 690 2538
13,Lorri,+86 743 465 7048
14,Ferguson,+86 995 284 9761
15,Adriena,+86 213 164 3128
16,Janie,+86 173 657 7582
17,Toma,+62 722 696 1196
18,Shem,+57 436 697 6744
19,Wynne,+86 256 648 1118
20,Garek,+967 317 307 2028
21,Albie,+55 129 694 6558
22,Clark,+63 789 550 0465
23,Winfield,+234 791 195 0309
24,Hetty,+62 479 715 3123
25,Aleda,+31 343 261 1315
